{"cameraMode":{"drawMode":0,"name":"Shaded","section":"Shading Mode"},"sceneLighting":false,"audioPlay":false,"sceneViewState":{"showFog":true,"showMaterialUpdate":false,"showSkybox":false,"showFlares":true,"showImageEffects":true,"showParticleSystems":true},"in2DMode":false,"pivot":{"x":-0.002319812774658203,"y":-3.296412944793701,"z":-9.568605422973633},"rotation":{"x":0.05605199933052063,"y":0.9360207915306091,"z":-0.17468233406543733,"w":0.30034956336021426},"size":2.7844722270965578,"orthographic":true}