{"cameraMode":{"drawMode":0,"name":"Shaded","section":"Shading Mode"},"sceneLighting":true,"audioPlay":false,"sceneViewState":{"showFog":true,"showMaterialUpdate":false,"showSkybox":true,"showFlares":true,"showImageEffects":true,"showParticleSystems":true},"in2DMode":false,"pivot":{"x":-1.77296781539917,"y":-3.800224542617798,"z":8.063194274902344},"rotation":{"x":-0.0017353774746879936,"y":-0.9980127215385437,"z":0.031745702028274539,"w":-0.054549816995859149},"size":2.867410898208618,"orthographic":true}